Aarhus	Denmark		56°09′N	10°13′E 
Aberdeen	United Kingdom	Scotland	57°09′N	4°07′W 
Abidjan	Ivory Coast		5°19′N	4°02′W 
Abu Dhabi	United Arab Emirates		24°28′N	54°22′E 
Abuja	Nigeria		9°04′N	7°29′E 
Acapulco	Mexico	Guerrero	16°52′N	99°53′W 
Accra	Ghana		5°33′N	0°12′W 
Adak	United States	Alaska	51°53′N	176°39′W 
Adamstown	United Kingdom	Pitcairn Islands	25°04′S	130°06′W 
Adana	Turkey		37°00′N	35°19′E 
Addis Ababa	Ethiopia		9°02′N	38°44′E 
Adelaide	Australia	South Australia	34°56′S	138°36′E 
Agartala	India	Tripura	23°50′N	91°16′E 
Agra	India	Uttar Pradesh	27°11′N	78°01′E 
Aguascalientes	Mexico	Aguascalientes	21°53′N	102°18′W 
Ahmedabad	India	Gujarat	23°02′N	72°35′E 
Akureyri	Iceland		65°41′N	18°06′W 
Alajuela	Costa Rica		10°01′N	84°13′W 
Albuquerque	United States	New Mexico	35°07′N	106°37′W 
Alert	Canada	Nunavut	82°30′N	62°20′W 
Alexandria	Egypt		31°12′N	29°55′E 
Algiers	Algeria		36°46′N	3°13′E 
Almaty	Kazakhstan		43°17′N	76°54′E 
Alofi	New Zealand	Niue	19°03′S	169°55′W 
Alor Setar	Malaysia	Kedah	6°07′N	100°22′E 
Ambon, Maluku	Indonesia		3°42′S	128°10′E 
Amman	Jordan		31°56′N	35°56′E 
Amritsar	India	Punjab	31°38′N	74°52′E 
Amsterdam	Netherlands		52°22′N	4°54′E 
Anadyr	Russia	Chukotka Autonomous Okrug	64°44′N	177°31′E 
Anchorage	United States	Alaska	61°13′N	149°54′W 
Andorra la Vella	Andorra		42°30′N	1°30′E 
Angra do Heroísmo	Portugal	Azores	38°29′N	27°13′W 
Ankara	Turkey		39°52′N	32°52′E 
Antananarivo	Madagascar		18°56′S	47°31′E 
Antofagasta	Chile		23°39′S	70°24′W 
Antwerp	Belgium		51°13′N	4°24′E 
Apia	Samoa		13°50′S	171°45′W 
Aracaju	Brazil	Sergipe	10°55′S	37°03′W 
Araraquara	Brazil	São Paulo	21°48′S	48°11′W 
Arbil	Iraq	Iraqi Kurdistan	36°11′N	44°01′E 
Arequipa	Peru		16°24′S	71°32′W 
Arica	Chile		18°29′S	70°20′W 
Arkhangelsk	Russia	Arkhangelsk Oblast	64°32′N	40°32′E 
Ashgabat	Turkmenistan		37°56′N	58°22′E 
Asmara	Eritrea		15°20′N	38°56′E 
Assis	Brazil	São Paulo	22°40′S	50°25′W 
Astana	Kazakhstan		51°10′N	71°26′E 
Asunción	Paraguay		25°17′S	57°38′W 
Athena	Greece		37°58′N	23°43′E 
Atlanta	United States	Georgia	33°45′N	84°23′W 
Auckland	New Zealand		36°50′S	174°44′E 
Augusta	United States	Maine	44°19′N	69°47′W 
Austin	United States	Texas	30°15′N	97°45′W 
Avarua	New Zealand	Cook Islands	21°12′S	159°46′W 
Ayacucho	Peru		13°10′S	74°13′W 
Ayutthaya	Thailand		14°21′N	100°34′E 
Baghdad	Iraq		33°20′N	44°26′E 
Bahía Blanca	Argentina	Buenos Aires Province	38°43′S	62°16′W 
Baku	Azerbaijan		40°24′N	49°53′E 
Balikpapan	Indonesia		1°16′S	116°50′E 
Baltimore	United States	Maryland	39°17′N	76°37′W 
Bamako	Mali		12°39′N	8°00′W 
Banda Aceh	Indonesia	Aceh	5°33′N	95°19′E 
Bandar Seri Begawan	Brunei		4°53′N	114°57′E 
Bandung	Indonesia		6°55′S	107°37′E 
Bangalore	India	Karnataka	12°58′N	77°34′E 
Bangkok	Thailand		13°45′N	100°28′E 
Bangui	Central African Republic		4°22′N	18°35′E 
Banjul	Gambia		13°27′N	16°35′W 
Barcelona	Spain	Catalonia	41°23′N	2°11′E 
Barranquilla	Colombia		10°58′N	74°48′W 
Barrow	United States	Alaska	71°18′N	156°46′W 
Basel	Switzerland		47°34′N	7°36′E 
Basra	Iraq		30°30′N	47°49′E 
Basse-Terre	France	Guadeloupe	16°00′N	61°44′W 
Basseterre	Saint Kitts and Nevis		17°18′N	62°44′W 
Bath	United Kingdom	England	51°23′N	2°22′W 
Batticaloa	Sri Lanka		7°43′N	81°42′E 
Bauru	Brazil	São Paulo	22°19′S	49°04′W 
Beijing	People's Republic of China		39°55′N	116°24′E 
Beirut	Lebanon		33°53′N	35°31′E 
Belém	Brazil	Pará	1°27′S	48°30′W 
Belfast	United Kingdom	Northern Ireland	54°36′N	5°56′W 
Belgrade	Serbia		44°49′N	20°28′E 
Belize City	Belize		17°30′N	88°11′W 
Belmopan	Belize		17°15′N	88°46′W 
Belo Horizonte	Brazil	Minas Gerais	19°55′S	43°56′W 
Benghazi	Libya		32°07′N	20°04′E 
Benin City	Nigeria		6°19′N	5°36′E 
Bergen	Norway		60°23′N	5°20′E 
Berlin	Germany	Berlin	52°31′N	13°23′E 
Bern	Switzerland		46°57′N	7°27′E 
Bhisho	South Africa	Eastern Cape	32°51′S	27°26′E 
Bilbao	Spain	Basque Country	43°15′N	2°55′W 
Birkirkara	Malta		35°54′N	14°28′E 
Birmingham	United Kingdom	England	52°29′N	1°54′W 
Birmingham	United States	Alabama	33°39′N	86°49′W 
Bishkek	Kyrgyzstan		42°52′N	74°37′E 
Bismarck	United States	North Dakota	46°49′N	100°47′W 
Bissau	Guinea-Bissau		11°51′N	15°34′W 
Blantyre	Malawi		15°47′S	35°00′E 
Bloemfontein	South Africa	Free State	29°07′S	26°13′E 
Boa Vista	Brazil	Roraima	2°49′N	60°40′W 
Bobo-Dioulasso	Burkina Faso		11°11′N	4°17′W 
Boden	Sweden		65°50′N	21°43′E 
Bodø	Norway		67°18′N	14°33′E 
Bogor	Indonesia		6°36′S	106°48′E 
Bogotá	Colombia		4°36′N	74°05′W 
Boise	United States	Idaho	43°37′N	116°12′W 
Bologna	Italy	Emilia-Romagna	44°30′N	11°21′E 
Bordeaux	France		44°50′N	0°35′W 
Boston	United States	Massachusetts	42°21′N	71°04′W 
Boulder	United States	Colorado	40°01′N	105°17′W 
Bradford	United Kingdom	England	53°48′N	1°45′W 
Brasília	Brazil	Federal District (Brazil) Distrito Federal	15°48′S	47°52′W 
Bratislava	Slovakia		48°09′N	17°07′E 
Bratsk	Russia	Irkutsk Oblast	56°07′N	101°36′E 
Brazzaville	Republic of the Congo		4°16′S	15°18′E 
Bremen	Germany	Bremen	53°05′N	8°48′E 
Bridgetown	Barbados		13°06′N	59°37′W 
Brighton and Hove	United Kingdom	England	50°50′N	0°09′W 
Brikama	Gambia		13°16′N	16°39′W 
Brisbane	Australia	Queensland	27°28′S	153°02′E 
Bristol	United Kingdom	England	51°27′N	2°35′W 
Brussels	Belgium		50°51′N	4°21′E 
Bucharest	Romania		44°26′N	26°06′E 
Budapest	Hungary		47°28′N	19°03′E 
Buenos Aires	Argentina		34°36′S	58°23′W 
Buffalo	United States	New York	42°54′N	78°51′W 
Bujumbura	Burundi		3°23′S	29°22′E 
Bulawayo	Zimbabwe		20°10′S	28°35′E 
Bursa	Turkey		40°11′N	29°03′E 
Busan	South Korea		35°11′N	129°05′E 
Cabo San Lucas	Mexico	Baja California Sur	22°53′N	109°55′W 
Cagliari	Italy	Sardinia	39°15′N	9°03′E 
Cairns	Australia	Queensland	16°56′S	145°47′E 
Cairo	Egypt		30°03′N	31°14′E 
Calama	Chile		22°28′S	68°56′W 
Calgary	Canada	Alberta	51°03′N	114°04′W 
Cambridge	United Kingdom	England	52°12′N	0°07′E 
Campina Grande	Brazil	Paraíba	7°14′S	35°53′W 
Campinas	Brazil	São Paulo	22°54′S	47°03′W 
Campo Grande	Brazil	Mato Grosso do Sul	20°28′S	54°37′W 
Canberra	Australia	Australian Capital Territory	35°18′S	149°07′E 
Cancún	Mexico	Quintana Roo	21°10′N	86°51′W 
Cannes	France		43°33′N	7°01′E 
Cape Town	South Africa	Western Cape	33°56′S	18°25′E 
Caracas	Venezuela		10°30′N	66°55′W 
Cardiff	United Kingdom	Wales	51°29′N	3°11′W 
Cartagena	Colombia		10°24′N	75°30′W 
Caruaru	Brazil	Pernambuco	8°17′S	35°59′W 
Casablanca	Morocco		33°32′N	7°35′W 
Castries	Saint Lucia		14°01′N	60°59′W 
Catania	Italy	Sicily	37°30′N	15°05′E 
Cayenne	France	French Guiana	4°55′N	52°20′W 
Cebu City	Philippines		10°17′N	123°54′E 
Chaguanas	Trinidad and Tobago		10°30′N	61°23′W 
Chandigarh	India		30°45′N	76°47′E 
Changchun	People's Republic of China	Jilin	43°54′N	125°12′E 
Charleston	United States	West Virginia	38°21′N	81°38′W 
Charlotte	United States	North Carolina	35°14′N	80°51′W 
Charlotte Amalie	United States	United States Virgin Islands	18°21′N	64°57′W 
Charlottetown	Canada	Prince Edward Island	46°14′N	63°09′W 
Chelyabinsk	Russia	Chelyabinsk Oblast	55°09′N	61°23′E 
Chengdu	People's Republic of China	Sichuan	30°40′N	104°04′E 
Chennai (Madras)	India	Tamil Nadu	13°05′N	80°16′E 
Cheyenne	United States	Wyoming	41°09′N	104°48′W 
Chiang Mai	Thailand		18°48′N	99°00′E 
Chiang Rai	Thailand		19°55′N	99°50′E 
Chicago	United States	Illinois	41°53′N	87°38′W 
Chihuahua	Mexico	Chihuahua	28°38′N	106°05′W 
Chinandega	Nicaragua		12°37′N	87°09′W 
Chişinău	Moldova		47°00′N	28°55′E 
Chittagong	Bangladesh		22°22′N	91°48′E 
Chongjin	North Korea		41°48′N	129°47′E 
Chongqing	People's Republic of China		29°34′N	106°34′E 
Christchurch	New Zealand		43°32′S	172°37′E 
Chuí	Brazil	Rio Grande do Sul	33°41′S	53°27′W 
Cincinnati	United States	Ohio	39°06′N	84°31′W 
Ciudad Bolívar	Venezuela		8°07′N	63°33′W 
Ciudad del Este	Paraguay		25°31′S	54°37′W 
Ciudad Juárez	Mexico	Chihuahua	31°44′N	106°29′W 
Cleveland	United States	Ohio	41°29′N	81°40′W 
Cluj-Napoca	Romania		46°46′N	23°35′E 
Cockburn Town	United Kingdom	Turks and Caicos Islands	21°28′N	71°08′W 
Coihaique	Chile		45°34′S	72°04′W 
Cologne	Germany	North Rhine-Westphalia	50°57′N	6°58′E 
Colombo	Sri Lanka		6°56′N	79°51′E 
Columbia	United States	South Carolina	34°00′N	81°03′W 
Columbus	United States	Ohio	39°59′N	82°59′W 
Comodoro Rivadavia	Argentina	Chubut	45°52′S	67°29′W 
Conakry	Guinea		9°31′N	13°43′W 
Concepción	Chile		36°50′S	73°03′W 
Concord	United States	New Hampshire	43°12′N	71°32′W 
Copenhagen	Denmark		55°41′N	12°34′E 
Copiapó	Chile		27°22′S	70°20′W 
Córdoba	Argentina	Córdoba	31°25′S	64°11′W 
Cork	Ireland		51°54′N	8°28′W 
Cotonou	Benin		6°22′N	2°26′E 
Coventry	United Kingdom	England	52°24′N	1°31′W 
Craiova	Romania		44°20′N	23°49′E 
Cúcuta	Colombia		7°54′N	72°30′W 
Cuiabá	Brazil	Mato Grosso	15°36′S	56°06′W 
Culiacán	Mexico	Sinaloa	24°48′N	107°23′W 
Curitiba	Brazil	Paraná	25°25′S	49°15′W 
Cusco	Peru		13°32′S	71°58′W 
Da Nang	Vietnam		16°04′N	108°14′E 
Daegu	South Korea		35°52′N	128°36′E 
Dakar	Senegal		14°42′N	17°27′W 
Dalian	People's Republic of China	Liaoning	38°55′N	121°38′E 
Dallas	United States	Texas	32°47′N	96°48′W 
Damascus	Syria		33°31′N	36°18′E 
Dammam	Saudi Arabia		26°17′N	50°12′E 
Dar es Salaam	Tanzania		6°48′S	39°17′E 
Darwin	Australia	Northern Territory	12°27′S	130°50′E 
Davao City	Philippines		7°04′N	125°36′E 
Deadhorse	United States	Alaska	70°12′N	148°31′W 
Dededo	United States	Guam	13°31′N	144°50′E 
Denpasar	Indonesia	Bali	8°39′S	115°13′E 
Denver	United States	Colorado	39°44′N	104°59′W 
Des Moines	United States	Iowa	41°35′N	93°37′W 
Detroit	United States	Michigan	42°20′N	83°03′W 
Dhaka	Bangladesh		23°42′N	90°23′E 
Dibrugarh	India	Assam	27°29′N	95°00′E 
Dili	Timor-Leste		8°33′S	125°35′E 
Djibouti	Djibouti		11°35′N	43°09′E 
Dodoma	Tanzania		6°10′S	35°45′E 
Doha	Qatar		25°17′N	51°32′E 
Dongguan	People's Republic of China	Guangdong	23°02′N	113°43′E 
Douala	Cameroon		4°03′N	9°42′E 
Douglas	United Kingdom	Isle of Man	54°09′N	4°29′W 
Dover	United States	Delaware	39°10′N	75°32′W 
Dresden	Germany	Saxony	51°02′N	13°44′E 
Dubai	United Arab Emirates		25°15′N	55°18′E 
Dublin	Ireland		53°21′N	6°16′W 
Dunedin	New Zealand		45°52′S	170°30′E 
Durango	Mexico	Durango	24°01′N	104°40′W 
Durban	South Africa	KwaZulu-Natal	29°53′S	31°03′E 
Dushanbe	Tajikistan		38°32′N	68°47′E 
Düsseldorf	Germany	North Rhine-Westphalia	51°14′N	6°47′E 
Edinburgh	United Kingdom	Scotland	55°57′N	3°11′W 
Edmonton	Canada	Alberta	53°32′N	113°30′W 
Eilat	Israel		29°33′N	34°57′E 
El Aaiún	Morocco	Western Sahara	27°09′N	13°12′W 
El Paso	United States	Texas	31°47′N	106°25′W 
Enschede	Netherlands		52°13′N	6°54′E 
Ensenada	Mexico	Baja California	31°51′N	116°36′W 
Entebbe	Uganda		0°03′N	32°28′E 
Enugu	Nigeria		6°27′N	7°31′E 
Esbjerg	Denmark		55°29′N	8°27′E 
Eskisehir	Turkey		39°47′N	30°31′E 
Espoo	Finland		60°12′N	24°39′E 
Eureka	Canada	Nunavut	79°59′N	85°56′W 
Exeter	United Kingdom	England	50°43′N	3°32′W 
Fairbanks	United States	Alaska	64°51′N	147°43′W 
Faisalabad	Pakistan	Punjab	31°25′N	73°05′E 
Fernando de Noronha	Brazil	Pernambuco	3°51′S	32°25′W 
Florence	Italy	Tuscany	43°47′N	11°15′E 
Flores Island	Portugal	Azores	39°28′N	31°14′W 
Florianópolis	Brazil	Santa Catarina	27°50′S	48°25′W 
Forked River	United States	New Jersey	39°48′N	74°06′W 
Fort McMurray	Canada	Alberta	56°44′N	111°23′W 
Fort Wayne	United States	Indiana	41°05′N	85°08′W 
Fort-de-France	France	Martinique	14°36′N	61°05′W 
Fortaleza	Brazil	Ceará	3°43′S	38°33′W 
Francistown	Botswana		21°10′S	27°31′E 
Frankfurt am Main	Germany	Hesse	50°07′N	8°41′E 
Fredericton	Canada	New Brunswick	45°57′N	66°40′W 
Freetown	Sierra Leone		8°29′N	13°14′W 
Fukuoka	Japan	Fukuoka	33°35′N	130°24′E 
Funafuti	Tuvalu		8°31′S	179°13′E 
Funchal	Portugal	Madeira	32°39'N	16°55′W 
Gaborone	Botswana		24°39′S	25°55′E 
Gangtok	India	Sikkim	27°20′N	88°37′E 
Gaoxiong	Republic of China (Taiwan)		22°38′N	120°16′E 
Garanhuns	Brazil	Pernambuco	8°53′S	36°30′W 
Gaza	Palestine	Gaza Strip	31°31′N	34°27′E 
Gaziantep	Turkey		37°04′N	37°23′E 
Gdańsk	Poland		54°22′N	18°38′E 
Gdynia	Poland		54°30′N	18°33′E 
Geelong	Australia	Victoria	38°09′S	144°21′E 
Geneva	Switzerland		46°12′N	6°09′E 
George Town	Malaysia	Penang	5°25′N	100°19′E 
George Town	United Kingdom	Cayman Islands	19°18′N	81°23′W 
Georgetown	Guyana		6°48′N	58°10′W 
Ghent	Belgium		51°03′N	3°44′E 
Gibraltar	United Kingdom	Gibraltar	36°08′N	5°21′W 
Glasgow	United Kingdom	Scotland	55°51′N	4°16′W 
Gloucester	United Kingdom	England	51°52′N	2°14′W 
Goiânia	Brazil	Goiás	16°40′S	49°15′W 
Gold Coast	Australia	Queensland	28°01′S	153°24′E 
Göteborg	Sweden		57°42′N	11°58′E 
Governador Valadares	Brazil	Minas Gerais	18°51′S	41°56′W 
Grande Prairie	Canada	Alberta	55°10′N	118°48′W 
Graz	Austria		47°04′N	15°26′E 
Greenwich	United Kingdom	England	51°29′N	0°00′E/W 
Grise Fiord	Canada	Nunavut	76°25′N	82°54′W 
Groningen	Netherlands		53°13′N	6°33′E 
Grytviken	United Kingdom	South Georgia and the South Sandwich Islands	54°17′S	36°30′W 
Guadalajara	Mexico	Jalisco	20°40′N	103°21′W 
Guangzhou	People's Republic of China	Guangdong	23°08′N	113°16′E 
Guatemala City	Guatemala		14°37′N	90°32′W 
Guayaquil	Ecuador		2°11′S	79°53′W 
Guwahati	India	Assam	26°11′N	91°44′E 
Haarlem	Netherlands		52°23′N	4°38′E 
Hagåtña	United States	Guam	13°29′N	144°45′E 
Hai Phong	Vietnam		20°51′N	106°41′E 
Halifax	Canada	Nova Scotia	44°51′N	63°12′W 
Halkida	Greece		38°28′N	23°36′E 
Hamburg	Germany	Hamburg	53°34′N	10°00′E 
Hamilton	New Zealand		37°47′S	175°17′E 
Hamilton	United Kingdom	Bermuda	32°18′N	64°47′W 
Hammerfest	Norway		70°40′N	23°41′E 
Handan	People's Republic of China	Hebei	36°36′N	114°29′E 
Hanga Roa	Chile	Easter Island	27°09′S	109°26′W 
Hangzhou	People's Republic of China	Zhejiang	30°15′N	120°10′E 
Hannover	Germany	Lower Saxony	52°22′N	9°43′E 
Hanoi	Vietnam		21°02′N	105°51′E 
Haparanda	Sweden		65°50′N	24°08′E 
Harare	Zimbabwe		17°52′S	31°02′E 
Harbin	People's Republic of China	Heilongjiang	45°45′N	126°38′E 
Hargeisa	Somalia	Somaliland	10°00′N	44°30′E 
Hartford	United States	Connecticut	41°46′N	72°40′W 
Hastings	New Zealand		39°39′S	176°50′E 
Hat Yai	Thailand		7°01′N	100°28′E 
Havana	Cuba		23°08′N	82°23′W 
Helena	United States	Montana	46°36′N	112°02′W 
Helsinki	Finland		60°10′N	24°56′E 
Heraklion	Greece		35°20′N	25°08′E 
Hermosillo	Mexico	Sonora	29°06′N	110°57′W 
Hilo	United States	Hawaii	19°42′N	155°05′W 
Hiroshima	Japan	Hiroshima	34°23′N	132°27′E 
Ho Chi Minh City	Vietnam		10°46′N	106°41′E 
Hobart	Australia	Tasmania	42°53′S	147°20′E 
Hong Kong	People's Republic of China		22°17′N	114°10′E 
Honiara	Solomon Islands		9°28′S	159°49′E 
Honolulu	United States	Hawaii	21°19′N	157°50′W 
Horta	Portugal	Azores	38°35′N	28°43′W 
Houston	United States	Texas	29°46′N	95°23′W 
Huambo	Angola		12°46′S	15°44′E 
Huế	Vietnam		16°28′N	107°35′E 
Hyderabad	India	Andhra Pradesh	17°22′N	78°29′E 
Hyderabad	Pakistan	Sindh	25°23′N	68°22′E 
Ibadan	Nigeria		7°24′N	3°55′E 
Ibiza	Spain	Balearic Islands	38°59′N	1°26′E 
Ilhéus	Brazil	Bahia	14°47′S	39°03′W 
Iloilo City	Philippines		10°43′N	122°34′E 
Imperatriz	Brazil	Maranhão	5°32′S	47°29′W 
Incheon	South Korea		37°29′N	126°38′E 
Indianapolis	United States	Indiana	39°46′N	86°09′W 
Innsbruck	Austria		47°16′N	11°23′E 
Invercargill	New Zealand		46°25′S	168°21′E 
Inverness	United Kingdom	Scotland	57°28′N	4°14′W 
Ipoh	Malaysia	Perak	4°36′N	101°04′E 
Iqaluit	Canada	Nunavut	63°45′N	68°31′W 
Iquique	Chile		20°13′S	70°09′W 
Iquitos	Peru		3°44′S	73°15′W 
Irkutsk	Russia	Irkutsk Oblast	52°19′N	104°18′E 
Ísafjörður	Iceland		66°05′N	23°08′W 
Isfahan	Iran		32°38′N	51°39′E 
Islamabad	Pakistan	Islamabad Capital Territory	33°43′N	73°04′E 
Istanbul	Turkey		41°01′N	28°57′E 
Izhevsk	Russia	Udmurt Republic	56°50′N	53°11′E 
İzmir	Turkey		38°26′N	27°09′E 
Jackson	United States	Mississippi	32°18′N	90°11′W 
Jacksonville	United States	Florida	30°20′N	81°40′W 
Jaipur	India	Rajasthan	26°56′N	75°49′E 
Jakarta	Indonesia		6°12′S	106°48′E 
Jamestown	United Kingdom	Saint Helena	15°55′S	5°43′W 
Jayapura	Indonesia		2°32′S	140°43′E 
Jeddah	Saudi Arabia		21°33′N	39°10′E 
Jersey City	United States	New Jersey	40°43′N	74°04′W 
Jerusalem	Israel		31°47′N	35°13′E 
Jinan	People's Republic of China	Shandong	36°40′N	116°59′E 
João Pessoa	Brazil	Paraíba	7°05′S	34°50′W 
Johannesburg	South Africa	Gauteng	26°12′S	28°03′E 
Johor Bahru	Malaysia	Johor	1°29′N	103°44′E 
Juazeiro do Norte	Brazil	Ceará	7°12′S	39°20′W 
Juba	South Sudan		4°51′N	31°36′E 
Juiz de Fora	Brazil	Minas Gerais	21°46′S	43°21′W 
Juneau	United States	Alaska	58°18′N	134°25′W 
Jyväskylä	Finland		62°15′N	25°45′E 
Kabul	Afghanistan		34°32′N	69°10′E 
Kaesong	North Korea		37°58′N	126°33′E 
Kaliningrad	Russia	Kaliningrad Oblast	54°43′N	20°31′E 
Kamloops	Canada	British Columbia	50°41′N	120°20′W 
Kampala	Uganda		0°19′N	32°35′E 
Kandahar	Afghanistan		31°37′N	65°43′E 
Kandy	Sri Lanka		7°18′N	80°38′E 
Kano	Nigeria		12°00′N	8°31′E 
Kanpur	India	Uttar Pradesh	26°28′N	80°20′E 
Kansas City	United States	Missouri	39°06′N	94°35′W 
Karachi	Pakistan	Sindh	24°52′N	67°01′E 
Kathmandu	Nepal		27°42′N	85°20′E 
Kawasaki	Japan	Kanagawa	35°31′N	139°42′E 
Kazan	Russia	Republic of Tatarstan	55°47′N	49°08′E 
Kelowna	Canada	British Columbia	49°53′N	119°30′W 
Kemi	Finland		65°44′N	24°34′E 
Kemijärvi	Finland		66°43′N	27°26′E 
Key West	United States	Florida	24°34′N	81°47′W 
Kharkiv	Ukraine		50°00′N	36°14′E 
Khartoum	Sudan		15°38′N	32°32′E 
Khon Kaen	Thailand		16°26′N	102°50′E 
Kiel	Germany	Schleswig-Holstein	54°20′N	10°08′E 
Kiev	Ukraine		50°27′N	30°31′E 
Kigali	Rwanda		1°57′S	30°04′E 
Kimberley	South Africa	Northern Cape	28°45′S	24°46′E 
Kingston	Australia	Norfolk Island	29°04′S	167°58′E 
Kingston	Jamaica		17°59′N	76°48′W 
Kingstown	Saint Vincent and the Grenadines		13°09′N	61°14′W 
Kinshasa	Democratic Republic of the Congo		4°20′S	15°19′E 
Kirkuk	Iraq		35°28′N	44°19′E 
Kiruna	Sweden		67°51′N	20°13′E 
Kismayo	Somalia		0°21′S	42°33′E 
Knoxville	United States	Tennessee	35°58′N	83°57′W 
Kōbe	Japan	Hyogo	34°41′N	135°12′E 
Kochi	India	Kerala	9°58′N	76°17′E 
Kolkata (Calcutta)	India	West Bengal	22°34′N	88°22′E 
Konya	Turkey		37°52′N	32°29′E 
Koror	Palau		7°22′N	134°29′E 
Kota Bharu	Malaysia	Kelantan	6°08′N	102°15′E 
Kota Kinabalu	Malaysia	Sabah	5°58′N	116°06′E 
Koulikoro	Mali		12°52′N	7°34′W 
Kraków	Poland		50°04′N	19°56′E 
Krasnodar	Russia	Krasnodar Krai	45°02′N	38°58′E 
Krasnoyarsk	Russia	Krasnoyarsk Krai	56°01′N	93°04′E 
Kristiansand	Norway		58°10′N	8°00′E 
Kuala Lumpur	Malaysia	Federal Territory (Malaysia) Federal Territory	3°09′N	101°42′E 
Kuching	Malaysia	Sarawak	1°34′N	110°21′E 
Kulpahar	India	Uttar Pradesh	25°19′N	79°38′E 
Kumasi	Ghana		6°40′N	1°37′W 
Kunming	People's Republic of China	Yunnan	25°04′N	102°41′E 
Kuopio	Finland		62°54′N	27°41′E 
Kuusamo	Finland		65°58′N	29°11′E 
Kuwait City	Kuwait		29°22′N	47°59′E 
Kyoto	Japan	Kyoto	35°01′N	135°46′E 
La Paz	Bolivia		16°30′S	68°09′W 
La Serena	Chile		29°54′S	71°15′W 
Labasa	Fiji		16°26′S	179°22′E 
Lagos	Nigeria		6°27′N	3°24′E 
Lahore	Pakistan	Punjab	31°33′N	74°21′E 
Lahti	Finland		60°59′N	25°39′E 
Lanzhou	People's Republic of China	Gansu	36°02′N	103°48′E 
Las Palmas de Gran Canaria	Spain	Canary Islands	28°09′N	15°25′W 
Las Vegas	United States	Nevada	36°11′N	115°08′W 
Latakia	Syria		35°31′N	35°47′E 
Lausanne	Switzerland		46°31′N	6°38′E 
Leeds	United Kingdom	England	53°48′N	1°33′W 
Leicester	United Kingdom	England	52°38′N	1°08′W 
Leiden	Netherlands		52°10′N	4°29′E 
Leipzig	Germany	Saxony	51°20′N	12°23′E 
León	Mexico	Guanajuato	21°07′N	101°41′W 
Lhasa	People's Republic of China	Tibet	29°39′N	91°06′E 
Liberia	Costa Rica		10°38′N	85°26′W 
Libreville	Gabon		0°23′N	9°27′E 
Lillehammer	Norway		61°08′N	10°26′E 
Lilongwe	Malawi		13°59′S	33°47′E 
Lima	Peru		12°03′S	77°02′W 
Limon	Costa Rica		9°59′N	83°02′W 
Lincoln	United States	Nebraska	40°49′N	96°41′W 
Linz	Austria		48°18′N	14°17′E 
Lisbon	Portugal		38°43′N	9°08′W 
Little Rock	United States	Arkansas	34°44′N	92°20′W 
Liverpool	United Kingdom	England	53°24′N	2°59′W 
Livingstone	Zambia		17°51′S	25°52′E 
Ljubljana	Slovenia		46°03′N	14°31′E 
Lobamba	Swaziland		26°25′S	31°10′E 
Lomé	Togo		6°08′N	1°13′E 
London	United Kingdom	England	51°30′N	0°08′W 
Longyearbyen	Norway	Svalbard	78°13′N	15°39′E 
Los Angeles	United States	California	34°03′N	118°15′W 
Louisville	United States	Kentucky	38°15′N	85°46′W 
Luanda	Angola		8°50′S	13°14′E 
Lubumbashi	Democratic Republic of the Congo		11°40′S	27°28′E 
Lucknow	India	Uttar Pradesh	26°51′N	80°57′E 
Ludhiana	India	Punjab	30°55′N	75°51′E 
Luleå	Sweden		65°35′N	22°09′E 
Lusaka	Zambia		15°25′S	28°17′E 
Luxembourg	Luxembourg		49°37′N	6°07′E 
Luxor	Egypt		25°41′N	32°39′E 
Lviv	Ukraine		49°51′N	24°01′E 
Lyon	France		45°46′N	4°51′E 
Maastricht	Netherlands		50°51′N	5°41′E 
Macapá	Brazil	Amapá	0°02′N	51°04′W 
Macau	People's Republic of China		22°10′N	113°33′E 
Maceió	Brazil	Alagoas	9°40′S	35°44′W 
Madrid	Spain	Madrid	40°24′N	3°41′W 
Mafikeng	South Africa	North West	25°51′S	25°38′E 
Magadan	Russia	Magadan Oblast	59°34′N	150°48′E 
Majuro	Marshall Islands		7°04′N	171°16′E 
Makassar	Indonesia		5°08′S	119°25′E 
Makati	Philippines		14°33′N	121°02′E 
Malabo	Equatorial Guinea		3°45′N	8°47′E 
Malacca Town	Malaysia	Malacca	2°12′N	102°15′E 
Málaga	Spain	Andalusia	36°43′N	4°25′W 
Malang	Indonesia		7°59′S	112°37′E 
Malé	Maldives		4°11′N	73°31′E 
Malmö	Sweden		55°35′N	13°02′E 
Mamoudzou	France	Mayotte	12°47′S	45°14′E 
Managua	Nicaragua		12°08′N	86°15′W 
Manama	Bahrain		26°13′N	50°35′E 
Manaus	Brazil	Amazonas	3°06′S	60°01′W 
Manchester	United Kingdom	England	53°28′N	2°14′W 
Mandurah	Australia	Western Australia	32°32′S	115°43′E 
Manila	Philippines		14°35′N	120°58′E 
Manzini	Swaziland		26°29′S	31°22′E 
Maputo	Mozambique		25°58′S	32°35′E 
Maracaibo	Venezuela		10°39′N	71°38′W 
Maracay	Venezuela		10°15′N	67°36′W 
Marrakech	Morocco		31°38′N	8°01′W 
Marseille	France		43°18′N	5°22′E 
Maseru	Lesotho		29°19′S	27°29′E 
Mashhad	Iran		36°18′N	59°36′E 
Mata-Utu	France	Wallis and Futuna	13°17′S	176°11′W 
Mbabane	Swaziland		26°19′S	31°08′E 
Mecca	Saudi Arabia		21°25′N	39°49′E 
Medan	Indonesia		3°35′N	98°40′E 
Medellín	Colombia		6°14′N	75°35′W 
Medina	Saudi Arabia		24°28′N	39°36′E 
Melbourne	Australia	Victoria (Australia) Victoria	37°49′S	144°58′E 
Melekeok	Palau		7°29′N	134°36′E 
Memphis	United States	Tennessee	35°07′N	89°58′W 
Mendoza	Argentina	Mendoza	32°53′S	68°49′W 
Mérida	Mexico	Yucatán	20°58′N	89°37′W 
Mersin	Turkey		36°48′N	34°38′E 
Messina	Italy	Sicily	38°11′N	15°33′E 
Mexicali	Mexico	Baja California	32°40′N	115°28′W 
Mexico City Mexico City	Mexico		19°26′N	99°08′W 
Miami	United States	Florida	25°47′N	80°13′W 
Milan	Italy	Lombardy	45°28′N	9°11′E 
Milwaukee	United States	Wisconsin	43°03′N	87°57′W 
Minneapolis	United States	Minnesota	44°59′N	93°16′W 
Minsk	Belarus		53°54′N	27°34′E 
Miri	Malaysia	Sarawak	4°24′N	114°00′E 
Mobile	United States	Alabama	30°42′N	88°03′W 
Mogadishu	Somalia		2°02′N	45°21′E 
Mombasa	Kenya		4°03′S	39°40′E 
Monaco	Monaco		43°44′N	7°25′E 
Moncton	Canada	New Brunswick	46°08′N	64°46′W 
Monrovia	Liberia		6°19′N	10°48′W 
Monterrey	Mexico	Nuevo León	25°40′N	100°18′W 
Montevideo	Uruguay		34°53′S	56°11′W 
Montpelier	United States	Vermont	44°15′N	72°34′W 
Montreal	Canada	Quebec	45°30′N	73°34′W 
Moroni	Comoros		11°45′S	43°12′E 
Moscow	Russia		55°45′N	37°37′E 
Mosul	Iraq		36°20′N	43°08′E 
Moundou	Chad		8°34′N	16°05′E 
Mount Kailash	{CHINA}	Tibet	31°4′ N	81°18′E 
Multan	Pakistan	Punjab	30°12′N	71°28′E 
Mumbai (Bombay)	India	Maharashtra	18°59′N	72°50′E 
Munich	Germany	Bavaria	48°08′N	11°34′E 
Murmansk	Russia	Murmansk Oblast	68°58′N	33°05′E 
Muscat	Oman		23°37′N	58°36′E 
Mwanza	Tanzania		2°31′S	32°54′E 
N'Djamena	Chad		12°07′N	15°03′E 
Nagoya	Japan	Aichi	35°11′N	136°54′E 
Nagpur	India	Maharashtra	21°08′N	79°05′E 
Naha	Japan	Okinawa	26°13′N	127°41′E 
Nairobi	Kenya		1°17′S	36°49′E 
Nakhon Ratchasima	Thailand		14°59′N	102°06′E 
Namangan	Uzbekistan		41°00′N	71°40′E 
Nanjing	People's Republic of China	Jiangsu	32°03′N	118°46′E 
Nanning	People's Republic of China	Guangxi	22°49′N	108°19′E 
Nantes	France		47°13′N	1°33′W 
Naples	Italy	Campania	40°51′N	14°16′E 
Narvik	Norway		68°25′N	17°34′E 
Nashville	United States	Tennessee	36°10′N	86°47′W 
Nassau	Bahamas		25°04′N	77°20′W 
Natal	Brazil	Rio Grande do Norte	5°47′S	35°12′W 
Naypyidaw	Burma		19°45′N	96°06′E 
Ndola	Zambia		12°58′S	28°38′E 
Nelson	New Zealand		41°16′S	173°17′E 
Nelspruit	South Africa	Mpumalanga	25°28′S	30°59′E 
Nemuro	Japan	Hokkaido	43°20′N	145°35′E 
New Delhi	India	Delhi	28°37′N	77°13′E 
New Orleans	United States	Louisiana	29°58′N	90°03′W 
New York City	United States	New York	40°40′N	73°56′W 
Newcastle	Australia	New South Wales	32°55′S	151°45′E 
Newcastle upon Tyne	United Kingdom	England	54°58′N	1°37′W 
Niamey	Niger		13°31′N	2°06′E 
Nice	France		43°42′N	7°16′E 
Nicosia	Cyprus		35°10′N	33°22′E 
Nizhny Novgorod	Russia	Nizhny Novgorod Oblast	56°20′N	44°00′E 
Nord	Denmark	Greenland	81°36′N	16°40′W 
Norilsk	Russia	Krasnoyarsk Krai	69°20′N	88°13′E 
Norrköping	Sweden		58°36′N	16°12′E 
North Bay	Canada	Ontario	46°18′N	79°27′W 
Norwich	United Kingdom	England	52°38′N	1°18′E 
Nottingham	United Kingdom	England	52°57′N	1°08′W 
Nouakchott	Mauritania		18°06′N	15°57′W 
Nouméa	France	New Caledonia	22°17′S	166°27′E 
Novi Sad	Serbia	Vojvodina	45°15′N	19°51′E 
Novosibirsk	Russia	Novosibirsk Oblast	55°01′N	82°56′E 
Nukuʻalofa	Tonga		21°08′S	175°12′W 
Nukulaelae	Tuvalu		9°23′S	179°51′E 
Nukus	Uzbekistan	Karakalpakstan	42°28′N	59°36′E 
Nuorgam	Finland	Lapland	70°05′N	27°53′E 
Nuuk (Godthåb)	Denmark	Greenland	64°11′N	51°44′W 
Ny-Ålesund	Norway	Svalbard	78°55′N	11°56′E 
Nzérékoré	Guinea		7°45′N	8°49′W 
Odense	Denmark		55°24′N	10°23′E 
Odessa	Ukraine		46°28′N	30°44′E 
Oklahoma City	United States	Oklahoma	35°29′N	97°32′W 
Omdurman	Sudan		15°39′N	32°29′E 
Omsk	Russia	Omsk Oblast	54°59′N	73°22′E 
Oranjestad	Netherlands	Aruba	12°31′N	70°02′W 
Orlando	United States	Florida	28°25′N	81°18′W 
Örnsköldsvik	Sweden		63°17′N	18°44′E 
Osaka	Japan	Osaka	34°42′N	135°30′E 
Oslo	Norway		59°57′N	10°45′E 
Östersund	Sweden		63°11′N	14°40′E 
Ottawa	Canada	Ontario	45°25′N	75°41′W 
Ouagadougou	Burkina Faso		12°21′N	1°32′W 
Oulu	Finland		65°01′N	25°28′E 
Oxford	United Kingdom	England	51°45′N	1°15′W 
Padang	Indonesia		0°57′S	100°21′E 
Pago Pago	United States	American Samoa	14°17′S	170°42′W 
Palembang	Indonesia		2°59′S	104°45′E 
Palermo	Italy	Sicily	38°07′N	13°22′E 
Palikir	Federated States of Micronesia		6°55′N	158°10′E 
Palma	Spain	Balearic Islands	39°34′N	2°39′E 
Palmas	Brazil	Tocantins	10°11′S	48°20′W 
Panama City	Panama		8°59′N	79°31′W 
Papeete	France	French Polynesia	17°32′S	149°34′W 
Paramaribo	Suriname		5°52′N	55°10′W 
Paris	France		48°51′N	2°21′E 
Patna	India	Bihar	25°37′N	85°09′E 
Pattaya	Thailand		12°56′N	100°53′E 
Pekanbaru	Indonesia		0°32′N	101°27′E 
Pelotas	Brazil	Rio Grande do Sul	31°46′S	52°21′W 
Perm	Russia	Perm Krai	58°00′N	56°19′E 
Perth	Australia	Western Australia	31°57′S	115°52′E 
Peshawar	Pakistan	Khyber Pakhtunkhwa	34°01′N	71°35′E 
Peterborough	United Kingdom	England	52°35′N	0°15′W 
Petrolina	Brazil	Pernambuco	9°24′S	40°30′W 
Petropavlovsk-Kamchatsky	Russia	Kamchatka Krai	53°01′N	158°39′E 
Philadelphia	United States	Pennsylvania	39°57′N	75°10′W 
Phnom Penh	Cambodia		11°33′N	104°55′E 
Phoenix	United States	Arizona	33°27′N	112°04′W 
Phuket	Thailand		7°53′N	98°24′E 
Pierre	United States	South Dakota	44°22′N	100°20′W 
Pietermaritzburg	South Africa	KwaZulu-Natal	29°37′S	30°23′E 
Piteå	Sweden		65°20′N	21°30′E 
Pittsburgh	United States	Pennsylvania	40°27′N	80°00′W 
Plymouth	United Kingdom	England	50°22′N	4°09′W 
Poços de Caldas	Brazil	Minas Gerais	21°47′S	46°34′W 
Podgorica	Montenegro		42°26′N	19°16′E 
Polokwane	South Africa	Limpopo	23°54′S	29°27′E 
Ponta Delgada	Portugal	Azores	37°49′N	25°45′W 
Pontianak	Indonesia		0°01′S	109°20′E 
Port Blair	India	Andaman and Nicobar Islands	11°40′N	92°46′E 
Port Elizabeth	South Africa	Eastern Cape	33°57′S	25°36′E 
Port Harcourt	Nigeria		4°45′N	7°00′E 
Port Hedland	Australia	Western Australia	20°19′S	118°36′E 
Port Louis	Mauritius		20°10′S	57°30′E 
Port Moresby	Papua New Guinea		9°31′S	147°13′E 
Port of Spain	Trinidad and Tobago		10°40′N	61°31′W 
Port Said	Egypt		31°15′N	32°17′E 
Port Vila	Vanuatu		17°45′S	168°18′E 
Port-au-Prince	Haiti		18°32′N	72°20′W 
Portland	United States	Oregon	45°31′N	122°41′W 
Porto	Portugal		41°10′N	8°37′W 
Porto Alegre	Brazil	Rio Grande do Sul	30°02′S	51°14′W 
Porto Velho	Brazil	Rondônia	8°46′S	63°54′W 
Porto-Novo	Benin		6°30′N	2°36′E 
Portsmouth	United Kingdom	England	50°49′N	1°05′W 
Prague	Czech Republic		50°05′N	14°25′E 
Praia	Cape Verde		14°55′N	23°31′W 
Pretoria	South Africa	Gauteng	25°45′S	28°11′E 
Pristina	Serbia	Kosovo	42°40′N	21°10′E 
Providence	United States	Rhode Island	41°49′N	71°25′W 
Pudasjärvi	Finland		65°22′N	27°00′E 
Puebla	Mexico	Puebla	19°03′N	98°13′W 
Puerto Aisén	Chile		45°24′S	72°41′W 
Puerto Ayacucho	Venezuela		5°36′N	67°42′W 
Puerto Montt	Chile		41°28′S	72°56′W 
Puerto Toro	Chile		55°05′S	67°05′W 
Puerto Vallarta	Mexico	Jalisco	20°40′N	105°16′W 
Puerto Williams	Chile		54°56′S	67°37′W 
Pune	India	Maharashtra	18°31′N	73°51′E 
Punta Arenas	Chile		53°10′S	70°56′W 
Puntarenas	Costa Rica		9°58′N	84°50′W 
Pyongyang	North Korea		39°01′N	125°44′E 
Qaanaaq	Denmark	Greenland	77°28′N	69°14′W 
Qaqortoq	Denmark	Greenland	60°43′N	46°02′W 
Qingdao	People's Republic of China	Shandong	36°04′N	120°23′E 
Quebec City	Canada	Quebec	46°49′N	71°13′W 
Querétaro	Mexico	Querétaro	20°35′N	100°24′W 
Quetzaltenango	Guatemala		14°50′N	91°31′W 
Quezon City	Philippines		14°38′N	121°02′E 
Quito	Ecuador		0°15′S	78°35′W 
Rabat	Morocco		34°02′N	6°50′W 
Rabi Island	Fiji		16°30′S	180°00′W 
Raleigh	United States	North Carolina	35°49′N	78°39′W 
Rawalpindi	Pakistan	Punjab	33°36′N	73°02′E 
Recife	Brazil	Pernambuco	8°03′S	34°54′W 
Regina	Canada	Saskatchewan	50°27′N	104°36′W 
Reno	United States	Nevada	39°32′N	119°49′W 
Reykjavík	Iceland		64°08′N	21°56′W 
Ribeirão Preto	Brazil	São Paulo	21°11′S	47°48′W 
Riga	Latvia		56°57′N	24°06′E 
Rio Branco	Brazil	Acre	9°58′S	67°49′W 
Rio de Janeiro	Brazil	Rio de Janeiro	22°55′S	43°12′W 
Río Gallegos	Argentina	Santa Cruz	51°38′S	69°13′W 
Riverside	United States	California	33°57′N	117°24′W 
Riyadh	Saudi Arabia		24°38′N	46°43′E 
Road Town	United Kingdom	British Virgin Islands	18°26′N	64°37′W 
Rochester	United States	New York	43°10′N	77°37′W 
Rockhampton	Australia	Queensland	23°23′S	150°31′E 
Rome	Italy	Lazio	41°54′N	12°30′E 
Rosario	Argentina	Santa Fe	32°57′S	60°40′W 
Roseau	Dominica		15°18′N	61°23′W 
Rostov-on-Don	Russia	Rostov Oblast	47°14′N	39°42′E 
Rotterdam	Netherlands		51°56′N	4°29′E 
Rovaniemi	Finland		66°30′N	25°44′E 
Sabha	Libya		27°02′N	14°26′E 
Sacramento	United States	California	38°33′N	121°28′W 
Saint John	Canada	New Brunswick	45°17′N	66°05′W 
Saint Petersburg	Russia		59°57′N	30°18′E 
Saint-Denis	France	Réunion	20°53′S	55°27′E 
Saint-Pierre	France	Saint Pierre and Miquelon	46°47′N	56°11′W 
Saipan	United States	Northern Mariana Islands	15°11′N	145°45′E 
Salalah	Oman		17°01′N	54°05′E 
Salt Lake City	United States	Utah	40°45′N	111°53′W 
Salta	Argentina	Salta	24°47′S	65°25′W 
Salvador	Brazil	Bahia	12°58′S	38°29′W 
Salzburg	Austria		47°48′N	13°02′E 
Samara	Russia	Samara Oblast	53°12′N	50°08′E 
San Antonio	United States	Texas	29°25′N	98°30′W 
San Carlos de Bariloche	Argentina	Río Negro Province Río Negro	41°09′S	71°18′W 
San Diego	United States	California	32°43′N	117°10′W 
San Fernando	Trinidad and Tobago		10°17′N	61°28′W 
San Francisco	United States	California	37°47′N	122°25′W 
San José	Costa Rica		9°56′N	84°05′W 
San Juan	United States	Puerto Rico	18°27′N	66°04′W 
San Luis Potosí	Mexico	San Luis Potosí	22°09′N	100°51′W 
San Marino	San Marino		43°56′N	12°27′E 
San Miguel de Tucumán	Argentina	Tucumán	26°49′S	65°13′W 
San Salvador	El Salvador		13°41′N	89°11′W 
Sana'a	Yemen		15°21′N	44°12′E 
Santa Barbara	United States	California	34°26′N	119°43′W 
Santa Cruz de la Sierra	Bolivia		17°48′S	63°10′W 
Santa Cruz de Tenerife	Spain	Canary Islands	28°28′N	16°15′W 
Santa Fe	United States	New Mexico	35°40′N	105°58′W 
Santiago	Chile		33°27′S	70°40′W 
Santiago de Cali	Colombia		3°25′N	76°31′W 
Santiago de Cuba	Cuba		20°01′N	75°49′W 
Santo Domingo	Dominican Republic		18°28′N	69°57′W 
São José do Rio Preto	Brazil	São Paulo	20°48′S	49°23′W 
São José dos Campos	Brazil	São Paulo	23°11′S	45°53′W 
São Luís	Brazil	Maranhão	2°32′S	44°18′W 
São Paulo	Brazil	São Paulo	23°33′S	46°38′W 
São Tomé	São Tomé and Príncipe		0°20′N	6°41′E 
Sapporo	Japan	Hokkaido	43°04′N	141°21′E 
Sarajevo	Bosnia and Herzegovina		43°51′N	18°21′E 
Saratov	Russia	Saratov Oblast	51°32′N	46°01′E 
Sarpsborg	Norway		59°17′N	11°12′E 
Saskatoon	Canada	Saskatchewan	52°08′N	106°41′W 
Sault Ste. Marie	Canada	Ontario	46°32′N	84°21′W 
Seattle	United States	Washington	47°37′N	122°20′W 
Sekondi-Takoradi	Ghana		4°55′N	1°46′W 
Semarang	Indonesia		6°58′S	110°25′E 
Sendai	Japan	Miyagi	38°16′N	140°52′E 
Seoul	South Korea		37°34′N	126°59′E 
Serekunda	Gambia		13°26′N	16°40′W 
Sevilla	Spain	Andalusia	37°23′N	5°59′W 
Sfax	Tunisia		34°44′N	10°46′E 
Shanghai	People's Republic of China		31°12′N	121°30′E 
Sheffield	United Kingdom	England	53°23′N	1°28′W 
Shenyang	People's Republic of China	Liaoning	41°44′N	123°53′E 
Shenzhen	People's Republic of China	Guangdong	22°33′N	114°06′E 
Shigatse	People's Republic of China	Tibet	29°16′N	88°53′E 
Shijiazhuang	People's Republic of China	Hebei	38°03′N	114°30′E 
Shillong	India	Meghalaya	25°34′N	91°53′E 
Shimla	India	Himachal Pradesh	31°06′N	77°10′E 
Siem Reap	Cambodia		13°22′N	103°52′E 
Siliguri	India	West Bengal	26°43′N	88°26′E 
Simferopol	Ukraine	Crimea	44°57′N	34°06′E 
Singapore	Singapore		1°17′N	103°50′E 
Sinop	Brazil	Mato Grosso	11°51′S	55°39′W 
Sitka	United States	Alaska	57°03′N	135°20′W 
Skellefteå	Sweden		64°45′N	20°57′E 
Skopje	Macedonia		42°00′N	21°26′E 
Sobral	Brazil	Ceará	3°40′S	40°14′W 
Sochi	Russia	Krasnodar Krai	43°35′N	39°43′E 
Sofia	Bulgaria		42°42′N	23°20′E 
South Tarawa	Kiribati		1°26′N	173°00′E 
Southampton	United Kingdom	England	50°54′N	1°24′W 
Split	Croatia		43°30′N	16°26′E 
Springfield	United States	Missouri	37°12′N	93°17′W 
Sri Jayawardenapura-Kotte	Sri Lanka		6°55′N	79°53′E 
Srinagar	India	Jammu and Kashmir	34°05′N	74°47′E 
St. George's	Grenada		12°03′N	61°45′W 
St. John's	Antigua and Barbuda		17°07′N	61°51′W 
St. John's	Canada	Newfoundland and Labrador	47°34′N	52°42′W 
St. Louis	United States	Missouri	38°38′N	90°12′W 
Stanley	United Kingdom	Falkland Islands	51°42′S	57°52′W 
Stepanakert	Azerbaijan	Nagorno-Karabakh Republic	39°49′N	46°45′E 
Stjørdal	Norway		63°29′N	11°10′E 
Stockholm	Sweden		59°20′N	18°04′E 
Strasbourg	France		48°35′N	7°45′E 
Stuttgart	Germany	Baden-Württemberg	48°47′N	9°11′E 
Sucre	Bolivia		19°03′S	65°15′W 
Sudbury	Canada	Ontario	46°29′N	81°01′W 
Suez	Egypt		29°58′N	32°33′E 
Sukhumi	Georgia	Abkhazia	43°00′N	41°01′E 
Sundsvall	Sweden		62°24′N	17°19′E 
Surabaya	Indonesia		7°16′S	112°45′E 
Surat	India	Gujarat	21°10′N	72°50′E 
Surat Thani	Thailand		9°08′N	99°20′E 
Suva	Fiji		18°08′S	178°27′E 
Swansea	United Kingdom	Wales	51°37′N	3°57′W 
Sydney	Australia	New South Wales	33°52′S	151°13′E 
Tabriz	Iran		38°04′N	46°18′E 
Tagbilaran	Philippines		9°39′N	123°51′E 
Taibei	Republic of China (Taiwan)		25°02′N	121°38′E 
Tainan	Republic of China (Taiwan)		22°59′N	120°11′E 
Taiyuan	People's Republic of China	Shanxi	37°52′N	112°34′E 
Taizhong	Republic of China (Taiwan)		24°09′N	120°40′E 
Tallinn	Estonia		59°26′N	24°45′E 
Tamale	Ghana		9°24′N	0°51′W 
Tampa	United States	Florida	27°57′N	82°28′W 
Tampere	Finland		61°30′N	23°46′E 
Tampico	Mexico	Tamaulipas	22°15′N	97°52′W 
Tapachula	Mexico	Chiapas	14°54′N	92°16′W 
Tartu	Estonia		58°23′N	26°43′E 
Tashkent	Uzbekistan		41°16′N	69°13′E 
Tbilisi	Georgia		41°43′N	44°47′E 
Tegucigalpa	Honduras		14°06′N	87°13′W 
Tehran	Iran		35°42′N	51°25′E 
Tel Aviv	Israel		32°04′N	34°47′E 
Temuco	Chile		38°45′S	72°40′W 
Teresina	Brazil	Piauí	5°06′S	42°48′W 
Tezpur	India	Assam	26°38′N	92°48′E 
The Hague	Netherlands		52°05′N	4°19′E 
The Valley	United Kingdom	Anguilla	18°13′N	63°03′W 
Thessaloniki	Greece		40°39′N	22°54′E 
Thiès	Senegal		14°47′N	16°55′W 
Thimphu	Bhutan		27°28′N	89°39′E 
Thunder Bay	Canada	Ontario	48°23′N	89°15′W 
Tianjin	People's Republic of China		39°08′N	117°11′E 
Tijuana	Mexico	Baja California	32°32′N	117°02′W 
Timbuktu	Mali		16°47′N	3°01′W 
Tirana	Albania		41°20′N	19°49′E 
Tiraspol	Moldova	Transnistria	46°51′N	29°38′E 
Tokyo	Japan	Tokyo	35°41′N	139°42′E 
Tolyatti	Russia	Samara Oblast	53°31′N	49°25′E 
Tornio	Finland		65°51′N	24°09′E 
Toronto	Canada	Ontario	43°42′N	79°24′W 
Torreón	Mexico	Coahuila	25°32′N	103°27′W 
Tórshavn	Denmark	Faroe Islands	62°01′N	6°46′W 
Toulouse	France		43°36′N	1°27′E 
Townsville	Australia	Queensland	19°15′S	146°49′E 
Trelew	Argentina	Chubut	43°15′S	65°18′W 
Trenton	United States	New Jersey	40°13′N	74°46′W 
Tripoli	Libya		32°54′N	13°11′E 
Trivandrum	India	Kerala	8°29′N	76°57′E 
Tromsø	Norway		69°41′N	18°57′E 
Trondheim	Norway		63°26′N	10°24′E 
Trujillo	Peru		8°07′S	79°02′W 
Tskhinvali	Georgia	South Ossetia	42°14′N	43°58′E 
Tucson	United States	Arizona	32°13′N	110°56′W 
Tuktoyaktuk	Canada	Northwest Territories	69°27′N	133°02′W 
Tulsa	United States	Oklahoma	36°08′N	95°56′W 
Tunis	Tunisia		36°48′N	10°11′E 
Turin	Italy	Piedmont	45°04′N	7°42′E 
Turku	Finland		60°27′N	22°16′E 
Uberlândia	Brazil	Minas Gerais	18°55′S	48°17′W 
Udon Thani	Thailand		17°25′N	102°45′E 
Ufa	Russia	Republic of Bashkortostan	54°45′N	55°58′E 
Ulan Bator	Mongolia		47°55′N	106°55′E 
Umeå	Sweden		63°50′N	20°16′E 
Uppsala	Sweden		59°51′N	17°39′E 
Ürümqi	People's Republic of China	Xinjiang	43°50′N	87°36′E 
Ushuaia	Argentina	Tierra del Fuego	54°48′S	68°18′W 
Utrecht	Netherlands		52°06′N	5°07′E 
Utsjoki	Finland		69°54′N	27°01′E 
Vaasa	Finland		63°06′N	21°37′E 
Vadsø	Norway		70°05′N	29°44′E 
Vaduz	Liechtenstein		47°08′N	9°31′E 
Valdivia	Chile		39°49′S	73°15′W 
Valencia	Spain	Valencian Community	39°28′N	0°23′W 
Valletta	Malta		35°54′N	14°31′E 
Valparaíso	Chile		33°03′S	71°37′W 
Vancouver	Canada	British Columbia	49°15′N	123°06′W 
Vantaa	Finland		60°18′N	25°02′E 
Vatican City	Vatican City		41°54′N	12°27′E 
Venice	Italy	Veneto	45°26′N	12°20′E 
Veracruz	Mexico	Veracruz	19°11′N	96°09′W 
Verkhoyansk	Russia	Sakha Republic	67°33′N	133°23′E 
Victoria	Canada	British Columbia	48°26′N	123°22′W 
Victoria	Seychelles		4°37′S	55°27′E 
Vienna	Austria		48°13′N	16°22′E 
Vientiane	Laos		17°58′N	102°36′E 
Vilnius	Lithuania		54°41′N	25°17′E 
Virginia Beach	United States	Virginia	36°51′N	75°59′W 
Visakhapatnam	India	Andhra Pradesh	17°41′N	83°13′E 
Vitória	Brazil	Espírito Santo	20°19′S	40°20′W 
Vladivostok	Russia	Primorsky Krai	43°08′N	131°54′E 
Volgograd	Russia	Volgograd Oblast	48°42′N	44°31′E 
Voronezh	Russia	Voronezh Oblast	51°40′N	39°13′E 
Warsaw	Poland		52°14′N	21°01′E 
Washington	United States	District of Columbia	38°54′N	77°02′W 
Wellington	New Zealand		41°17′S	174°47′E 
Weno	Federated States of Micronesia		7°27′N	151°51′E 
Whitehorse	Canada	Yukon	60°43′N	135°03′W 
Wichita	United States	Kansas	37°41′N	97°20′W 
Willemstad	Netherlands	Curaçao	12°07′N	68°56′W 
Wilmington	United States	North Carolina	34°13′N	77°55′W 
Windhoek	Namibia		22°34′S	17°05′E 
Windsor	Canada	Ontario	42°17′N	83°00′W 
Winnipeg	Canada	Manitoba	49°54′N	97°08′W 
Wollongong	Australia	New South Wales	34°26′S	150°53′E 
Wonsan	North Korea		39°09′N	127°27′E 
Wuhan	People's Republic of China	Hubei	30°35′N	114°17′E 
Xi'an	People's Republic of China	Shaanxi	34°16′N	108°54′E 
Xining	People's Republic of China	Qinghai	36°38′N	101°46′E 
Yakutsk	Russia	Sakha Republic	62°02′N	129°44′E 
Yamoussoukro	Ivory Coast		6°49′N	5°17′W 
Yangon	Burma		16°48′N	96°09′E 
Yaoundé	Cameroon		3°52′N	11°31′E 
Yaren District	Nauru		0°33′S	166°55′E 
Yarmouth	Canada	Nova Scotia	43°50′N	66°07′W 
Yaroslavl	Russia	Yaroslavl Oblast	57°37′N	39°51′E 
Yekaterinburg	Russia	Sverdlovsk Oblast	56°50′N	60°35′E 
Yellowknife	Canada	Northwest Territories	62°27′N	114°24′W 
Yerevan	Armenia		40°11′N	44°31′E 
Yogyakarta	Indonesia		7°48′S	110°22′E 
Yokohama	Japan	Kanagawa	35°27′N	139°38′E 
Zagreb	Croatia		45°49′N	15°59′E 
Zamboanga City	Philippines		6°54′N	122°04′E 
Zanzibar City	Tanzania		6°10′S	39°12′E 
Zapopan	Mexico	Jalisco	20°43′N	103°24′W 
Zaragoza	Spain	Aragon	41°39′N	0°53′W 
Zhengzhou	People's Republic of China	Henan	34°46′N	113°39′E 
Zürich	Switzerland		47°22′N	8°33′E 
